近地铁 配套成熟 自住精装 中间楼层 业主置换诚售,https://hz.lianjia.com/ershoufang/103131846262.html,恒大帝景 ,南部卧城,26870元/平,368万,5室2厅 | 136.96平米 | 南 | 精装 | 30层  | 板楼,2024-08-01 23:04:00
地段好，户型好，大面积中间楼层采光好，满五年,https://hz.lianjia.com/ershoufang/103125741095.html,盈兴公寓 ,钱江世纪城,18386元/平,230万,3室2厅 | 125.1平米 | 南 | 精装 | 5层  | 板楼,2024-08-01 23:04:00
满五唯一，中上楼层，房东诚心卖急卖,https://hz.lianjia.com/ershoufang/103134596461.html,众安白马御府 ,萧山新城区,33024元/平,320万,4室2厅 | 96.9平米 | 南 | 简装 | 中楼层(共19层)  | 板楼,2024-08-01 23:04:00
滨江星翠澜庭， 凤凰层 城市景观业主诚心卖 看房方便,https://hz.lianjia.com/ershoufang/103129745957.html,星翠澜庭 ,钱江世纪城,55763元/平,600万,3室2厅 | 107.6平米 | 南 | 精装 | 25层  | 板楼,2024-08-01 23:04:00
阳光城上府 3室1厅 南,https://hz.lianjia.com/ershoufang/103133621655.html,阳光城上府 ,西兴,33724元/平,300万,3室1厅 | 88.96平米 | 南 | 精装 | 高楼层(共34层)  | 板楼,2024-08-01 23:04:00
次新电梯房，小区体量大，配套成熟，中间楼层，采光好,https://hz.lianjia.com/ershoufang/103134165184.html,广泽小区 ,南部卧城,16743元/平,125万,2室2厅 | 74.66平米 | 南 | 毛坯 | 中楼层(共30层)  | 板塔结合,2024-08-01 23:04:00
四叶草经典户型 格局视野宽阔 采光充足  年中旬满二年,https://hz.lianjia.com/ershoufang/103132319983.html,澄之华庭北区 ,钱江世纪城,61750元/平,920万,4室2厅 | 148.99平米 | 南 | 精装 | 25层  | 板楼,2024-08-01 23:04:00
精装修，3房2卫，配套齐全，楼层采光好,https://hz.lianjia.com/ershoufang/103133009352.html,恒大帝景 ,南部卧城,26173元/平,235万,3室2厅 | 89.79平米 | 南 | 精装 | 30层  | 板楼,2024-08-01 23:04:00
满五唯一 大三房 东边套 精装修 诚心出售,https://hz.lianjia.com/ershoufang/103130233816.html,美之园西区 ,湘湖,19114元/平,260万,3室2厅 | 136.03平米 | 南 北 | 精装 | 中楼层(共6层)  | 板塔结合,2024-08-01 23:04:00
5号线地铁口，中间楼层，正对游泳池采光好,https://hz.lianjia.com/ershoufang/103129652690.html,得力名望府 ,萧山开发区,24879元/平,148万,2室2厅 | 59.49平米 | 南 | 毛坯 | 25层  | 板楼,2024-08-01 23:04:00
地铁口，双泳池次新小区，高品质低密度花园小区,https://hz.lianjia.com/ershoufang/103122901991.html,宁东拥潮府 ,萧山新城区,45571元/平,588万,4室2厅 | 129.03平米 | 南 | 精装 | 27层  | 板楼,2024-08-01 23:04:00
小区环境好， 总价低， 看房方便，有钥匙,https://hz.lianjia.com/ershoufang/103134166137.html,南润名座 ,南部卧城,10775元/平,38万,2室1厅 | 35.27平米 | 北 | 简装 | 高楼层(共22层)  | 板楼,2024-08-01 23:04:00
银泰旁 边套 好楼层 全新入住 软装齐全,https://hz.lianjia.com/ershoufang/103134832102.html,宸宇府 ,南部卧城,28888元/平,345万,4室1厅 | 119.43平米 | 南 | 精装 | 34层  | 板楼,2024-08-01 23:04:00
丰瑞北苑 2室1厅 南,https://hz.lianjia.com/ershoufang/103133691480.html,丰瑞北苑 ,钱江世纪城,34483元/平,225万,2室1厅 | 65.25平米 | 南 | 简装 | 高楼层(共33层)  | 板塔结合,2024-08-01 23:04:00
房子满二唯一 楼层适中 采光很好 房东诚心 看房方便,https://hz.lianjia.com/ershoufang/103129735923.html,创世邸 ,钱江世纪城,72234元/平,782万,3室2厅 | 108.26平米 | 南 | 精装 | 32层  | 板楼,2024-08-01 23:04:00
南向大横厅，全屋精装修，视野佳，业主诚售！,https://hz.lianjia.com/ershoufang/103134097296.html,日耀之城 ,钱江世纪城,60484元/平,870万,4室2厅 | 143.84平米 | 南 | 精装 | 24层  | 塔楼,2024-08-01 23:04:00
南润名座，低总价，楼层视野佳，诚心出售。,https://hz.lianjia.com/ershoufang/103133772151.html,南润名座 ,南部卧城,10599元/平,40万,1室1厅 | 37.74平米 | 南 | 精装 | 低楼层(共19层)  | 塔楼,2024-08-01 23:04:00
世纪城板块 总价低 业主诚心出售,https://hz.lianjia.com/ershoufang/103127925113.html,旭辉和昌都会山 ,钱江世纪城,22290元/平,125万,3室1厅 | 56.08平米 | 南 | 精装 | 21层  | 板塔结合,2024-08-01 23:04:00
满五唯一 夹边套 小区后排 实用80方 诚心出售,https://hz.lianjia.com/ershoufang/103129811290.html,金昌春和钱塘 ,钱江世纪城,47188元/平,406万,3室1厅 | 86.04平米 | 南 北 | 精装 | 23层  | 板塔结合,2024-08-01 23:04:00
标准三房 户型方正 出行便利，配套完善，地铁1公里,https://hz.lianjia.com/ershoufang/103130766361.html,久赋名邸 ,南部卧城,32600元/平,320万,3室2厅 | 98.16平米 | 南 | 精装 | 低楼层(共34层)  | 塔楼,2024-08-01 23:04:00
德圣博奥城，5房双卫99%得房率，精装修。,https://hz.lianjia.com/ershoufang/103134351718.html,德圣博奥城 ,萧山新城区,44038元/平,575万,5室2厅 | 130.57平米 | 南 西 北 | 精装 | 24层  | 板楼,2024-08-01 23:04:00
中间楼层，次新房，一梯两户7层低密小洋房 业主诚售,https://hz.lianjia.com/ershoufang/103132586085.html,钱江蓝湾 ,萧山科技城,22796元/平,198万,3室2厅 | 86.86平米 | 南 西 北 | 毛坯 | 中楼层(共7层)  | 板塔结合,2024-08-01 23:04:00
万科开发商精装修，15号线地铁，满二年，没住过人,https://hz.lianjia.com/ershoufang/103125112932.html,碧珑湾 ,萧山新城区,43305元/平,510万,4室2厅 | 117.77平米 | 南 | 精装 | 18层  | 板塔结合,2024-08-01 23:04:00
西边套小洋房 视野开阔 无噪音 满五急售,https://hz.lianjia.com/ershoufang/103133548129.html,通惠江南名府 ,萧山新城区,35687元/平,416万,4室1厅 | 116.57平米 | 南 | 精装 | 中楼层(共11层)  | 板楼,2024-08-01 23:04:00
日耀之城 4室2厅 南,https://hz.lianjia.com/ershoufang/103133988021.html,日耀之城 ,钱江世纪城,55487元/平,799万,4室2厅 | 144平米 | 南 | 精装 | 30层  | 板楼,2024-08-01 23:04:00
滨江品质小区 视野开拓满二唯一 业主诚心出售,https://hz.lianjia.com/ershoufang/103131020736.html,通惠江南名府 ,萧山新城区,34861元/平,312万,3室2厅 | 89.5平米 | 东 | 精装 | 中楼层(共27层)  | 板楼,2024-08-01 23:04:00
奥体板块精工之作，碧桂园开发，滨江物业，两梯两户,https://hz.lianjia.com/ershoufang/103125636477.html,柏峰珑悦府 ,钱江世纪城,45553元/平,548万,3室2厅 | 120.3平米 | 南 | 精装 | 18层  | 板楼,2024-08-01 23:04:00
精装大三房，纯边套，1号5号双地铁100米，中高无遮挡,https://hz.lianjia.com/ershoufang/103131492415.html,阳光城上府 ,西兴,37658元/平,335万,3室2厅 | 88.96平米 | 南 | 精装 | 中楼层(共34层)  | 板楼,2024-08-01 23:04:00
钱江世纪城旁，高品质次新小区，3房2卫，诚售,https://hz.lianjia.com/ershoufang/103127692583.html,景瑞晴海 ,钱江世纪城,26199元/平,258万,3室2厅 | 98.48平米 | 南 | 精装 | 26层  | 板楼,2024-08-01 23:04:00
业主诚心卖，精装修现房，不朝高架，看房子有钥匙！,https://hz.lianjia.com/ershoufang/103127705531.html,景瑞晴海 ,钱江世纪城,27097元/平,265万,3室2厅 | 97.8平米 | 南 | 精装 | 26层  | 板楼,2024-08-01 23:04:00
近奥体，临滨江，市北西品质小区，七号线地铁口,https://hz.lianjia.com/ershoufang/103125848641.html,景宸天玺名城 ,萧山新城区,43792元/平,510万,4室2厅 | 116.46平米 | 南 西 | 毛坯 | 34层  | 塔楼,2024-08-01 23:04:00
满五唯一 不沿街 自住精装 看房密码  诚心出售,https://hz.lianjia.com/ershoufang/103129192430.html,顺发江南丽锦 ,钱江世纪城,38550元/平,660万,5室2厅 | 171.21平米 | 南 北 | 精装 | 33层  | 板塔结合,2024-08-01 23:04:00
西边套小洋房 视野开阔 无噪音 满五急售,https://hz.lianjia.com/ershoufang/103133548129.html,通惠江南名府 ,萧山新城区,35687元/平,416万,4室1厅 | 116.57平米 | 南 | 精装 | 中楼层(共11层)  | 板楼,2024-08-01 23:04:00
奥体板块精工之作，碧桂园开发，滨江物业，两梯两户,https://hz.lianjia.com/ershoufang/103125636477.html,柏峰珑悦府 ,钱江世纪城,45553元/平,548万,3室2厅 | 120.3平米 | 南 | 精装 | 18层  | 板楼,2024-08-01 23:04:00
日耀之城 4室2厅 南,https://hz.lianjia.com/ershoufang/103133988021.html,日耀之城 ,钱江世纪城,55487元/平,799万,4室2厅 | 144平米 | 南 | 精装 | 30层  | 板楼,2024-08-01 23:04:00
滨江品质小区 视野开拓满二唯一 业主诚心出售,https://hz.lianjia.com/ershoufang/103131020736.html,通惠江南名府 ,萧山新城区,34861元/平,312万,3室2厅 | 89.5平米 | 东 | 精装 | 中楼层(共27层)  | 板楼,2024-08-01 23:04:00
钱江世纪城旁，高品质次新小区，3房2卫，诚售,https://hz.lianjia.com/ershoufang/103127692583.html,景瑞晴海 ,钱江世纪城,26199元/平,258万,3室2厅 | 98.48平米 | 南 | 精装 | 26层  | 板楼,2024-08-01 23:04:00
业主诚心卖，精装修现房，不朝高架，看房子有钥匙！,https://hz.lianjia.com/ershoufang/103127705531.html,景瑞晴海 ,钱江世纪城,27097元/平,265万,3室2厅 | 97.8平米 | 南 | 精装 | 26层  | 板楼,2024-08-01 23:04:00
小户型，两层的，一层得两层，小区环境好，看房方便,https://hz.lianjia.com/ershoufang/103130433805.html,融创云潮府 ,萧山科技城,14958元/平,69万,2室1厅 | 46.13平米 | 南 | 精装 | 高楼层(共23层)  | 塔楼,2024-08-01 23:04:00
多层好楼层 诚心出售 看房方便,https://hz.lianjia.com/ershoufang/103131301639.html,华瑞湘湖美地 ,湘湖,22324元/平,285万,3室2厅 | 127.67平米 | 南 | 简装 | 7层  | 板楼,2024-08-01 23:04:00
精装修3房 滨江品质 楼层适中 视野开阔,https://hz.lianjia.com/ershoufang/103129953396.html,庆丰拥涛府 ,萧山新城区,45141元/平,438万,3室1厅 | 97.03平米 | 南 | 精装 | 中楼层(共27层)  | 板楼,2024-08-01 23:04:00
南临水博园，北临钱塘江，业主诚心出售,https://hz.lianjia.com/ershoufang/103134549662.html,科尔世纪外滩 ,萧山科技城,21383元/平,189万,3室1厅 | 88.39平米 | 南 | 毛坯 | 28层  | 板塔结合,2024-08-01 23:04:00
7号线新街站300米，精装修边套横厅大3房2卫，看房方便,https://hz.lianjia.com/ershoufang/103130696605.html,保利欣品华庭 ,萧山开发区,25277元/平,270万,3室2厅 | 106.82平米 | 南 | 精装 | 高楼层(共17层)  | 板楼,2024-08-01 23:04:00
中间好楼层，采光视野好，无抵押，无户口，随时看房,https://hz.lianjia.com/ershoufang/103133939898.html,阳光城滨奥悦府 ,钱江世纪城,67743元/平,940万,4室2厅 | 138.76平米 | 南 北 | 精装 | 17层  | 板楼,2024-08-01 23:04:00
旭辉和昌都会山 4室2厅 南,https://hz.lianjia.com/ershoufang/103134191303.html,旭辉和昌都会山 ,钱江世纪城,61692元/平,730万,4室2厅 | 118.33平米 | 南 | 精装 | 29层  | 板楼,2024-08-01 23:04:00
房东诚心，朝南阳光视野很棒，有密码随时看房,https://hz.lianjia.com/ershoufang/103132992498.html,旭辉和昌都会山 ,钱江世纪城,28702元/平,88万,1室1厅 | 30.66平米 | 南 西南 | 精装 | 21层  | 塔楼,2024-08-01 23:04:00
精装小两居室，好楼层，采光好急售 满两年,https://hz.lianjia.com/ershoufang/103133790612.html,盛达名苑 ,萧山开发区,19887元/平,105万,2室1厅 | 52.8平米 | 南 | 简装 | 中楼层(共6层)  | 板塔结合,2024-08-01 23:04:00
房子户型正 三开间朝南 交通方便 刚需低首付,https://hz.lianjia.com/ershoufang/103132029587.html,金域兰庭 ,义桥,16327元/平,140万,2室2厅 | 85.75平米 | 南 | 简装 | 低楼层(共18层)  | 板塔结合,2024-08-01 23:04:00
钱江世纪城板块 振宁路地铁口 小洋房 得房率高 诚心卖,https://hz.lianjia.com/ershoufang/103132660595.html,顺丰家园 ,钱江世纪城,25907元/平,160万,2室1厅 | 61.76平米 | 南 | 简装 | 低楼层(共6层)  | 板塔结合,2024-08-01 23:04:00
世纪城板块，中间楼层，税费低，不沿高架，业主诚售,https://hz.lianjia.com/ershoufang/103130747151.html,柏峰珑悦府 ,钱江世纪城,47045元/平,558万,3室2厅 | 118.61平米 | 南 北 | 精装 | 16层  | 板楼,2024-08-01 23:04:00
地铁约10几分，滨江物业滨江造，4房边套精装,https://hz.lianjia.com/ershoufang/103130144026.html,朝闻花城 ,南部卧城,29795元/平,327万,4室2厅 | 109.75平米 | 南 | 精装 | 27层  | 暂无数据,2024-08-01 23:04:00
次新小区 1楼带花园精装修 物业管理好 金科物业,https://hz.lianjia.com/ershoufang/103126886120.html,钱江蓝湾 ,萧山科技城,34206元/平,298万,3室2厅 | 87.12平米 | 南 | 精装 | 低楼层(共7层)  | 板塔结合,2024-08-01 23:04:00
7号线地铁 全新精装修 业主置换 包增值税 随时看房,https://hz.lianjia.com/ershoufang/103129509164.html,保利和者时光印象府 ,萧山开发区,21952元/平,180万,3室2厅 | 82平米 | 南 | 精装 | 低楼层(共16层)  | 板楼,2024-08-01 23:04:00
"2号线曹家桥站，楼层好，视野好，有电梯,满二年",https://hz.lianjia.com/ershoufang/103130974070.html,广悦公寓 ,南部卧城,18950元/平,238万,3室2厅 | 125.6平米 | 南 | 毛坯 | 26层  | 板楼,2024-08-01 23:04:00
珑悦 四房 精工户型 优质好房,https://hz.lianjia.com/ershoufang/103130305593.html,柏峰珑悦府 ,钱江世纪城,50605元/平,720万,4室2厅 | 142.28平米 | 南 | 精装 | 18层  | 板楼,2024-08-01 23:04:00
自住精装，满五业主诚心售，滨江品质，带车位,https://hz.lianjia.com/ershoufang/103128624051.html,滨江金色江南公寓 ,钱江世纪城,48015元/平,428万,3室2厅 | 89.14平米 | 南 | 精装 | 27层  | 板楼,2024-08-01 23:04:00
品文府 号楼幢  好户型 四开间朝南 房东诚心出售,https://hz.lianjia.com/ershoufang/103134037447.html,品文府 ,南部卧城,20210元/平,245万,3室2厅 | 121.23平米 | 南 | 毛坯 | 高楼层(共28层)  | 板楼,2024-08-01 23:04:00
金地天逸品质小区 精装交付双地铁龙湖天街 业主诚心卖,https://hz.lianjia.com/ershoufang/103130358389.html,金地天逸 ,萧山市区,45026元/平,730万,4室2厅 | 162.13平米 | 南 | 精装 | 高楼层(共28层)  | 板楼,2024-08-01 23:04:00
碧珑湾  万科品质  无增值税  采光视野好  诚心出售,https://hz.lianjia.com/ershoufang/103133082654.html,碧珑湾 ,萧山新城区,43071元/平,500万,4室2厅 | 116.09平米 | 东 南 北 | 精装 | 18层  | 板楼,2024-08-01 23:04:00
小区19幢开发商精装交付，业主诚心出售，满五无大税,https://hz.lianjia.com/ershoufang/103132242968.html,顺发恒园 ,萧山新城区,39619元/平,349万,3室2厅 | 88.09平米 | 南 | 精装 | 33层  | 板楼,2024-08-01 23:04:00
精装修，位置好，楼层好，地铁口,https://hz.lianjia.com/ershoufang/103129586569.html,众安朝阳8号 ,南部卧城,28300元/平,253万,3室2厅 | 89.4平米 | 南 | 精装 | 33层  | 塔楼,2024-08-01 23:04:00
银泰旁次新小区 户型好 开发商精装 随时可看房 诚心卖,https://hz.lianjia.com/ershoufang/103134329127.html,融望之城 ,南部卧城,23163元/平,230万,3室2厅 | 99.3平米 | 南 北 | 精装 | 低楼层(共32层)  | 板塔结合,2024-08-01 23:04:00
银泰城旁，满二，精装修，拎包入住，双阳台，南北通透,https://hz.lianjia.com/ershoufang/103130946084.html,禹洲泊朗廷 ,南部卧城,24524元/平,288万,3室2厅 | 117.44平米 | 南 北 | 精装 | 33层  | 板楼,2024-08-01 23:04:00
招商闻博花城，满二，四叶草大平层，装修好。,https://hz.lianjia.com/ershoufang/103130889235.html,闻博花城 ,萧山新城区,42187元/平,639万,4室2厅 | 151.47平米 | 南 | 精装 | 高楼层(共23层)  | 板楼,2024-08-01 23:04:00
次新电梯房，配套成熟，精装修，可拎包住，满五唯一,https://hz.lianjia.com/ershoufang/103127069524.html,科尔南城嘉园 ,南部卧城,15466元/平,132万,3室1厅 | 85.35平米 | 南 | 精装 | 12层  | 板楼,2024-08-01 23:04:00
碧珑湾  万科品质  无增值税  采光视野好  诚心出售,https://hz.lianjia.com/ershoufang/103133082654.html,碧珑湾 ,萧山新城区,43071元/平,500万,4室2厅 | 116.09平米 | 东 南 北 | 精装 | 18层  | 板楼,2024-08-01 23:04:00
小区19幢开发商精装交付，业主诚心出售，满五无大税,https://hz.lianjia.com/ershoufang/103132242968.html,顺发恒园 ,萧山新城区,39619元/平,349万,3室2厅 | 88.09平米 | 南 | 精装 | 33层  | 板楼,2024-08-01 23:04:00
"近滨江,房子全新没住过,适合当婚房,诚心出售价格可谈",https://hz.lianjia.com/ershoufang/103132805942.html,乐虹湾 ,湘湖,37171元/平,330万,3室2厅 | 88.78平米 | 南 | 精装 | 32层  | 板塔结合,2024-08-01 23:04:00
诚心出售，近地铁，电梯房，两房朝南，阳光充足。,https://hz.lianjia.com/ershoufang/103131492539.html,广泽小区 ,南部卧城,17874元/平,133万,2室2厅 | 74.41平米 | 南 | 简装 | 中楼层(共30层)  | 板塔结合,2024-08-01 23:04:00
精装修大三房，从未入住，98方可扩展28方，双地 铁旁,https://hz.lianjia.com/ershoufang/103132179788.html,金地天逸 ,萧山市区,38618元/平,380万,3室2厅 | 98.4平米 | 南 北 | 精装 | 低楼层(共34层)  | 板楼,2024-08-01 23:04:00
次新小区，开发商精装修交房，未入住过，环境好,https://hz.lianjia.com/ershoufang/103121202909.html,宸宇府 ,南部卧城,22798元/平,235万,3室2厅 | 103.08平米 | 南 | 精装 | 33层  | 板塔结合,2024-08-01 23:04:00
精装60万，满五不唯一 拎包入住，看房方便,https://hz.lianjia.com/ershoufang/103123168129.html,华瑞湘湖美地 ,湘湖,24238元/平,305万,3室2厅 | 125.84平米 | 南 北 | 精装 | 7层  | 板楼,2024-08-01 23:04:00
建设三路双地铁口 开发商精装修 东边套 房东诚心卖,https://hz.lianjia.com/ershoufang/103129701086.html,新希望滨江锦宸 ,萧山新城区,43689元/平,560万,4室2厅 | 128.18平米 | 南 | 精装 | 中楼层(共27层)  | 板塔结合,2024-08-01 23:04:00
亚运村新空未住精装4房东向大阳台  急售,https://hz.lianjia.com/ershoufang/103134244075.html,日耀之城 ,钱江世纪城,54875元/平,788万,4室2厅 | 143.6平米 | 南 | 精装 | 30层  | 塔楼,2024-08-01 23:04:00
中间楼层 视野好 采光好 诚心卖,https://hz.lianjia.com/ershoufang/103131281000.html,景宸天玺名城 ,萧山新城区,40328元/平,355万,3室2厅 | 88.03平米 | 南 | 毛坯 | 34层  | 板楼,2024-08-01 23:04:00
房东诚售 满二税费少 精装全新无入住 次新小区,https://hz.lianjia.com/ershoufang/103134293693.html,湖悦章府 ,南部卧城,27716元/平,270万,3室2厅 | 97.42平米 | 南 | 精装 | 低楼层(共27层)  | 板楼,2024-08-01 23:04:00
不靠高架，户型好，大阳台采光好，诚心出售，价格可谈,https://hz.lianjia.com/ershoufang/103129443959.html,湘湖人家 ,闻堰,17558元/平,155万,2室2厅 | 88.28平米 | 南 | 毛坯 | 中楼层(共17层)  | 板楼,2024-08-01 23:04:00
诚心卖房高楼层视野很赞含泪卖 随时看房,https://hz.lianjia.com/ershoufang/103126113665.html,金色钱塘 ,萧山新城区,26267元/平,338万,3室2厅 | 128.68平米 | 南 | 精装 | 31层  | 板塔结合,2024-08-01 23:04:00
自住精装修，飘窗已经全部敲掉，,https://hz.lianjia.com/ershoufang/103132189027.html,德信泊林春天 ,钱江世纪城,24571元/平,220万,3室2厅 | 89.54平米 | 南 | 精装 | 中楼层(共34层)  | 板塔结合,2024-08-01 23:04:00
诚心售 满五唯一 位置佳 尽揽白马湖畔山水美景,https://hz.lianjia.com/ershoufang/103134398958.html,旭辉滨江东方悦府 ,湘湖,29549元/平,260万,3室2厅 | 87.99平米 | 南 | 精装 | 20层  | 板楼,2024-08-01 23:04:00
萧山南卧融望之城全新未入住看房方便,https://hz.lianjia.com/ershoufang/103134540095.html,融望之城 ,南部卧城,24880元/平,325万,4室2厅 | 130.63平米 | 南 | 精装 | 低楼层(共32层)  | 板塔结合,2024-08-01 23:04:00
钱江世纪城板块，崇文杭二中旁，开发商精装修。,https://hz.lianjia.com/ershoufang/103133853655.html,世纪之光 ,钱江世纪城,40661元/平,330万,3室1厅 | 81.16平米 | 南 | 精装 | 17层  | 板楼,2024-08-01 23:04:00
地铁二号线，银泰城，满五，拓展27方，南北通透采光好,https://hz.lianjia.com/ershoufang/103134593844.html,光明尚海湾 ,南部卧城,25032元/平,220万,3室2厅 | 87.89平米 | 南 西 北 | 简装 | 中楼层(共27层)  | 板塔结合,2024-08-01 23:04:00
世纪城板块  自住加装50W+ 楼层好  视野宽阔 采光充足,https://hz.lianjia.com/ershoufang/103132654636.html,世纪之光 ,钱江世纪城,48268元/平,606万,4室2厅 | 125.55平米 | 东 南 | 精装 | 16层  | 板楼,2024-08-01 23:04:00
世纪城奥体一站地铁，龙湖品质全明舒适三房,https://hz.lianjia.com/ershoufang/103134042932.html,嘉宸天誉名轩 ,萧山新城区,44947元/平,398万,3室2厅 | 88.55平米 | 南 | 精装 | 34层  | 板楼,2024-08-01 23:04:00
世纪城板块，精装修带地暖 中高楼层  满五唯一,https://hz.lianjia.com/ershoufang/103125677599.html,柏峰珑悦府 ,钱江世纪城,51999元/平,730万,4室2厅 | 140.39平米 | 南 北 | 精装 | 18层  | 板楼,2024-08-01 23:04:00
"楼层适中,看智慧之门杭州之门,蓝宝石泳池",https://hz.lianjia.com/ershoufang/103127138316.html,君品名邸 ,钱江世纪城,64729元/平,895万,4室2厅 | 138.27平米 | 西南 | 精装 | 中楼层(共26层)  | 塔楼,2024-08-01 23:04:00
楼下地铁7号线精装修，4.5米层高,https://hz.lianjia.com/ershoufang/103132485996.html,英冠乐创城 ,萧山新城区,21001元/平,89万,2室1厅 | 42.38平米 | 北 | 精装 | 21层  | 板楼,2024-08-01 23:04:00
一楼多层洋房+有架空+有菜园+按毛坯价+诚心卖,https://hz.lianjia.com/ershoufang/103133847104.html,三水一生 ,义桥,16187元/平,212万,3室2厅 | 130.97平米 | 南 | 精装 | 5层  | 板楼,2024-08-01 23:04:00
好楼层，泳池景观，宽阔餐客厅 改善大四房3卫,https://hz.lianjia.com/ershoufang/103133794029.html,绿城沁桂轩 ,萧山新城区,41104元/平,690万,4室2厅 | 167.87平米 | 南 | 精装 | 中楼层(共26层)  | 暂无数据,2024-08-01 23:04:00
房东已看好新房 常规低价诚心出售 满二 大阳台次新房,https://hz.lianjia.com/ershoufang/103125266806.html,融信杭州世纪 ,萧山新城区,45253元/平,580万,4室2厅 | 128.17平米 | 南 | 精装 | 高楼层(共25层)  | 板塔结合,2024-08-01 23:04:00
东旭府 精装修4房 楼层好 户型南北通,https://hz.lianjia.com/ershoufang/103124483714.html,东旭府 ,义桥,16669元/平,200万,4室2厅 | 119.99平米 | 南 | 精装 | 高楼层(共18层)  | 板楼,2024-08-01 23:04:00
三开间朝南，自住精装修，高楼层江景房,https://hz.lianjia.com/ershoufang/103131817178.html,戈雅公寓 ,闻堰,18053元/平,198万,3室2厅 | 109.68平米 | 南 | 精装 | 高楼层(共31层)  | 板楼,2024-08-01 23:04:00
金色钱塘 3室2厅 南,https://hz.lianjia.com/ershoufang/103133656870.html,金色钱塘 ,萧山新城区,24073元/平,340万,3室2厅 | 141.24平米 | 南 | 简装 | 17层  | 板塔结合,2024-08-01 23:04:00
好房推荐 振宁路地铁口 方正户型 满二 无大税,https://hz.lianjia.com/ershoufang/103131381448.html,丰东花苑 ,钱江世纪城,28765元/平,179万,2室1厅 | 62.23平米 | 南 | 精装 | 低楼层(共23层)  | 板楼,2024-08-01 23:04:00
近世纪城，边套精装带地暖三居室，采光很好,https://hz.lianjia.com/ershoufang/103129267502.html,景瑞晴海 ,钱江世纪城,26768元/平,265万,3室2厅 | 99平米 | 南 | 精装 | 26层  | 板楼,2024-08-01 23:04:00
房东诚心出售，中高楼层，视野采光好，现代化精装修,https://hz.lianjia.com/ershoufang/103126967533.html,华瑞晴庐 ,萧山新城区,31105元/平,268万,3室2厅 | 86.16平米 | 南 | 精装 | 低楼层(共33层)  | 板塔结合,2024-08-01 23:04:00
世纪城板块  自住加装50W+ 楼层好  视野宽阔 采光充足,https://hz.lianjia.com/ershoufang/103132654636.html,世纪之光 ,钱江世纪城,48268元/平,606万,4室2厅 | 125.55平米 | 东 南 | 精装 | 16层  | 板楼,2024-08-01 23:04:00
前面就是排屋，小区中间楼层，视野好 ，采光无遮挡,https://hz.lianjia.com/ershoufang/103130952170.html,融望之城 ,南部卧城,24858元/平,245万,3室2厅 | 98.56平米 | 南 | 精装 | 低楼层(共32层)  | 板楼,2024-08-01 23:04:00
一楼多层洋房+有架空+有菜园+按毛坯价+诚心卖,https://hz.lianjia.com/ershoufang/103133847104.html,三水一生 ,义桥,16187元/平,212万,3室2厅 | 130.97平米 | 南 | 精装 | 5层  | 板楼,2024-08-01 23:04:00
世纪城奥体一站地铁，龙湖品质全明舒适三房,https://hz.lianjia.com/ershoufang/103134042932.html,嘉宸天誉名轩 ,萧山新城区,44947元/平,398万,3室2厅 | 88.55平米 | 南 | 精装 | 34层  | 板楼,2024-08-01 23:04:00
地铁二号线，银泰城，满五，拓展27方，南北通透采光好,https://hz.lianjia.com/ershoufang/103134593844.html,光明尚海湾 ,南部卧城,25032元/平,220万,3室2厅 | 87.89平米 | 南 西 北 | 简装 | 中楼层(共27层)  | 板塔结合,2024-08-01 23:04:00
好楼层，泳池景观，宽阔餐客厅 改善大四房3卫,https://hz.lianjia.com/ershoufang/103133794029.html,绿城沁桂轩 ,萧山新城区,41104元/平,690万,4室2厅 | 167.87平米 | 南 | 精装 | 中楼层(共26层)  | 暂无数据,2024-08-01 23:04:00
广泽小区 地铁口 ，刚需两房，采光好 诚心出售,https://hz.lianjia.com/ershoufang/103133987981.html,广泽小区 ,南部卧城,17163元/平,128万,2室2厅 | 74.58平米 | 南 | 毛坯 | 中楼层(共30层)  | 板塔结合,2024-08-01 23:04:00
精装修大三房，从未入住，98方可扩展28方，双地 铁旁,https://hz.lianjia.com/ershoufang/103132179788.html,金地天逸 ,萧山市区,38618元/平,380万,3室2厅 | 98.4平米 | 南 北 | 精装 | 低楼层(共34层)  | 板楼,2024-08-01 23:04:00
诚心出售，近地铁，电梯房，两房朝南，阳光充足。,https://hz.lianjia.com/ershoufang/103131492539.html,广泽小区 ,南部卧城,17874元/平,133万,2室2厅 | 74.41平米 | 南 | 简装 | 中楼层(共30层)  | 板塔结合,2024-08-01 23:04:00
亚运村新空未住精装4房东向大阳台  急售,https://hz.lianjia.com/ershoufang/103134244075.html,日耀之城 ,钱江世纪城,54875元/平,788万,4室2厅 | 143.6平米 | 南 | 精装 | 30层  | 塔楼,2024-08-01 23:04:00
精装60万，满五不唯一 拎包入住，看房方便,https://hz.lianjia.com/ershoufang/103123168129.html,华瑞湘湖美地 ,湘湖,24238元/平,305万,3室2厅 | 125.84平米 | 南 北 | 精装 | 7层  | 板楼,2024-08-01 23:04:00
世纪城板块，精装修带地暖 中高楼层  满五唯一,https://hz.lianjia.com/ershoufang/103125677599.html,柏峰珑悦府 ,钱江世纪城,51999元/平,730万,4室2厅 | 140.39平米 | 南 北 | 精装 | 18层  | 板楼,2024-08-01 23:04:00
钱江世纪城板块，崇文杭二中旁，开发商精装修。,https://hz.lianjia.com/ershoufang/103133853655.html,世纪之光 ,钱江世纪城,40661元/平,330万,3室1厅 | 81.16平米 | 南 | 精装 | 17层  | 板楼,2024-08-01 23:04:00
招商闻博花城，满二，四叶草大平层，装修好。,https://hz.lianjia.com/ershoufang/103130889235.html,闻博花城 ,萧山新城区,42187元/平,639万,4室2厅 | 151.47平米 | 南 | 精装 | 高楼层(共23层)  | 板楼,2024-08-01 23:04:00
诚心卖房高楼层视野很赞含泪卖 随时看房,https://hz.lianjia.com/ershoufang/103126113665.html,金色钱塘 ,萧山新城区,26267元/平,338万,3室2厅 | 128.68平米 | 南 | 精装 | 31层  | 板塔结合,2024-08-01 23:04:00
次新小区，开发商精装修交房，未入住过，环境好,https://hz.lianjia.com/ershoufang/103121202909.html,宸宇府 ,南部卧城,22798元/平,235万,3室2厅 | 103.08平米 | 南 | 精装 | 33层  | 板塔结合,2024-08-01 23:04:00
房东诚售 满二税费少 精装全新无入住 次新小区,https://hz.lianjia.com/ershoufang/103134293693.html,湖悦章府 ,南部卧城,27716元/平,270万,3室2厅 | 97.42平米 | 南 | 精装 | 低楼层(共27层)  | 板楼,2024-08-01 23:04:00
精装修，位置好，楼层好，地铁口,https://hz.lianjia.com/ershoufang/103129586569.html,众安朝阳8号 ,南部卧城,28300元/平,253万,3室2厅 | 89.4平米 | 南 | 精装 | 33层  | 塔楼,2024-08-01 23:04:00
"近滨江,房子全新没住过,适合当婚房,诚心出售价格可谈",https://hz.lianjia.com/ershoufang/103132805942.html,乐虹湾 ,湘湖,37171元/平,330万,3室2厅 | 88.78平米 | 南 | 精装 | 32层  | 板塔结合,2024-08-01 23:04:00
诚心售 满五唯一 位置佳 尽揽白马湖畔山水美景,https://hz.lianjia.com/ershoufang/103134398958.html,旭辉滨江东方悦府 ,湘湖,29549元/平,260万,3室2厅 | 87.99平米 | 南 | 精装 | 20层  | 板楼,2024-08-01 23:04:00
银泰城旁，满二，精装修，拎包入住，双阳台，南北通透,https://hz.lianjia.com/ershoufang/103130946084.html,禹洲泊朗廷 ,南部卧城,24524元/平,288万,3室2厅 | 117.44平米 | 南 北 | 精装 | 33层  | 板楼,2024-08-01 23:04:00
中间楼层 视野好 采光好 诚心卖,https://hz.lianjia.com/ershoufang/103131281000.html,景宸天玺名城 ,萧山新城区,40328元/平,355万,3室2厅 | 88.03平米 | 南 | 毛坯 | 34层  | 板楼,2024-08-01 23:04:00
次新电梯房，配套成熟，精装修，可拎包住，满五唯一,https://hz.lianjia.com/ershoufang/103127069524.html,科尔南城嘉园 ,南部卧城,15466元/平,132万,3室1厅 | 85.35平米 | 南 | 精装 | 12层  | 板楼,2024-08-01 23:04:00
二五号双地铁 采光好 业主诚心卖，银河北干双 学府,https://hz.lianjia.com/ershoufang/103131929639.html,北干一苑 ,萧山市区,25970元/平,150万,2室1厅 | 57.76平米 | 南 | 简装 | 高楼层(共6层)  | 板塔结合,2024-08-01 23:04:00
高楼层 中间套 三居室 诚心卖 看不到公墓,https://hz.lianjia.com/ershoufang/103132063077.html,乐虹湾 ,湘湖,37905元/平,340万,3室1厅 | 89.7平米 | 南 | 精装 | 32层  | 板塔结合,2024-08-01 23:04:00
纯地铁口  精装修 全天采光 无遮挡三开间朝南,https://hz.lianjia.com/ershoufang/103124297073.html,博印名邸 ,萧山开发区,24776元/平,215万,3室2厅 | 86.78平米 | 南 | 精装 | 27层  | 板楼,2024-08-01 23:04:00
建设三路双地铁口，户型好 业主诚心卖，,https://hz.lianjia.com/ershoufang/103134745823.html,中誉万豪广场 ,萧山新城区,10515元/平,110万,2室1厅 | 104.62平米 | 南 | 简装 | 28层  | 板楼,2024-08-01 23:04:00
房东诚心出售，中高楼层，视野采光好，现代化精装修,https://hz.lianjia.com/ershoufang/103126967533.html,华瑞晴庐 ,萧山新城区,31105元/平,268万,3室2厅 | 86.16平米 | 南 | 精装 | 低楼层(共33层)  | 板塔结合,2024-08-01 23:04:00
近世纪城，边套精装带地暖三居室，采光很好,https://hz.lianjia.com/ershoufang/103129267502.html,景瑞晴海 ,钱江世纪城,26768元/平,265万,3室2厅 | 99平米 | 南 | 精装 | 26层  | 板楼,2024-08-01 23:04:00
望涛月明 滨江品质 精装修全明户型 业主诚售,https://hz.lianjia.com/ershoufang/103133543918.html,滨江望涛月明 ,萧山新城区,30525元/平,330万,3室2厅 | 108.11平米 | 南 | 精装 | 低楼层(共27层)  | 板楼,2024-08-01 23:04:00
满二年，实用四房市北滨江品质小区，采光视野开阔,https://hz.lianjia.com/ershoufang/103133226113.html,庆丰拥涛府 ,萧山新城区,40337元/平,479万,4室2厅 | 118.75平米 | 南 北 | 精装 | 高楼层(共27层)  | 板楼,2024-08-01 23:04:00
70年产权，此房近地铁，银河实验、北干,https://hz.lianjia.com/ershoufang/103130471059.html,中誉现代城 ,萧山新城区,18426元/平,99万,1室0厅 | 53.73平米 | 南 | 简装 | 高楼层(共17层)  | 板楼,2024-08-01 23:04:00
龙湖春江悦茗 中高楼层 诚心出售,https://hz.lianjia.com/ershoufang/103132096145.html,龙湖旭辉春江悦茗 ,萧山新城区,36855元/平,299万,3室2厅 | 81.13平米 | 南 | 简装 | 30层  | 板塔结合,2024-08-01 23:04:00
小高层三房户型 客厅朝南带阳台 满五唯一 高楼层看江,https://hz.lianjia.com/ershoufang/103134007317.html,江南摩卡 ,闻堰,21477元/平,229万,3室2厅 | 106.63平米 | 南 | 简装 | 中楼层(共14层)  | 板楼,2024-08-01 23:04:00
上新房源，高楼层！有车位，纯毛坯，没有住过人！,https://hz.lianjia.com/ershoufang/103134586090.html,钱江蓝湾 ,萧山科技城,22494元/平,190万,3室1厅 | 84.47平米 | 南 | 毛坯 | 中楼层(共7层)  | 板塔结合,2024-08-01 23:04:00
钱江世纪城 刚需三房 房东自住精装,https://hz.lianjia.com/ershoufang/103131438114.html,顺发康庄 ,钱江世纪城,23686元/平,210万,3室2厅 | 88.66平米 | 南 | 精装 | 29层  | 板楼,2024-08-01 23:04:00
西边套大阳台 精装修 西门口安静 采光好,https://hz.lianjia.com/ershoufang/103128100658.html,汝悦美境府 ,钱江世纪城,30454元/平,332万,3室2厅 | 109.02平米 | 南 | 精装 | 17层  | 板楼,2024-08-01 23:04:00
户型好 诚心出售 15号线地铁口,https://hz.lianjia.com/ershoufang/103131385078.html,奥园 ,南部卧城,25858元/平,224万,3室2厅 | 86.63平米 | 南 | 简装 | 低楼层(共34层)  | 塔楼,2024-08-01 23:04:00
7号线地铁口此房满二唯一，精装修三开间朝南诚心出售,https://hz.lianjia.com/ershoufang/103131839797.html,中铁诺德雅逸府 ,萧山开发区,22812元/平,202万,3室2厅 | 88.55平米 | 南 北 | 精装 | 高楼层(共26层)  | 板楼,2024-08-01 23:04:00
C位楼中间套客厅带阳台自住精心装修40万 拓展面积22方,https://hz.lianjia.com/ershoufang/103131850795.html,华瑞晴庐 ,萧山新城区,32831元/平,285万,3室2厅 | 86.81平米 | 南 | 精装 | 中楼层(共33层)  | 板塔结合,2024-08-01 23:04:00
高桥初衷！高品质小区满五唯一户型楼层好采光好,https://hz.lianjia.com/ershoufang/103129955255.html,得力名门世家 ,南部卧城,41080元/平,370万,4室2厅 | 90.07平米 | 南 | 精装 | 中楼层(共32层)  | 板塔结合,2024-08-01 23:04:00
精装修的，4.5米层高 诚心出售 价格可以谈,https://hz.lianjia.com/ershoufang/103124025921.html,百富联合国际奥体之星 ,钱江世纪城,14376元/平,66万,2室1厅 | 45.91平米 | 南 西 | 精装 | 低楼层(共18层)  | 塔楼,2024-08-01 23:04:00
开发商精装交付，楼幢好，楼层好，诚心出售,https://hz.lianjia.com/ershoufang/103131271089.html,青漫里 ,南部卧城,25310元/平,235万,3室2厅 | 92.85平米 | 南 | 精装 | 高楼层(共27层)  | 暂无数据,2024-08-01 23:04:00
视野好的 新交付小区 环境好 楼层好,https://hz.lianjia.com/ershoufang/103132712512.html,德信金科泊岸江宸轩 ,南部卧城,16934元/平,182万,3室2厅 | 107.48平米 | 南 | 精装 | 高楼层(共23层)  | 板楼,2024-08-01 23:04:00
浙二旁十五号线地铁口精装两房诚心出售,https://hz.lianjia.com/ershoufang/103130511336.html,南润名座 ,南部卧城,10884元/平,109万,2室2厅 | 100.15平米 | 南 | 精装 | 低楼层(共22层)  | 板楼,2024-08-01 23:04:00
南北通透格局，精装交付，楼层好，采光好。,https://hz.lianjia.com/ershoufang/103118549152.html,东旭府 ,义桥,16585元/平,199万,4室2厅 | 119.99平米 | 南 北 | 精装 | 中楼层(共18层)  | 板楼,2024-08-01 23:04:00
房东诚心卖，楼层好，满五唯一税费少，看房方便,https://hz.lianjia.com/ershoufang/103126595107.html,德信君宸 ,萧山新城区,38604元/平,345万,3室2厅 | 89.37平米 | 南 | 简装 | 21层  | 板楼,2024-08-01 23:04:00
繁华地带，配套齐，各大综合体齐聚左右500米内,https://hz.lianjia.com/ershoufang/103133669156.html,天润商业中心 ,萧山市区,16602元/平,93万,2室1厅 | 56.02平米 | 北 | 简装 | 低楼层(共22层)  | 板塔结合,2024-08-01 23:04:00
浙二医院边 15号线地铁口 满二唯一 车位可以停两辆车,https://hz.lianjia.com/ershoufang/103122957199.html,德信碧桂园印江南 ,南部卧城,24784元/平,240万,3室2厅 | 96.84平米 | 南 | 毛坯 | 高楼层(共20层)  | 塔楼,2024-08-01 23:04:00
纯边套，房东诚售！买房提供免费设计服务！价格能谈！,https://hz.lianjia.com/ershoufang/103132404961.html,顺发美颂城 ,钱江世纪城,31047元/平,300万,3室1厅 | 96.63平米 | 东 南 北 | 精装 | 中楼层(共18层)  | 板楼,2024-08-01 23:04:00
朝闻花城 南卧品质楼盘 滨江精装修 大三房诚心出售！,https://hz.lianjia.com/ershoufang/103129868404.html,朝闻花城 ,南部卧城,27662元/平,265万,3室2厅 | 95.8平米 | 南 | 精装 | 27层  | 暂无数据,2024-08-01 23:04:00
滨江园林景观，漂亮绿植，自带泳池，环境很不错,https://hz.lianjia.com/ershoufang/103134534689.html,朝闻花城 ,南部卧城,25774元/平,280万,4室2厅 | 108.64平米 | 东南 | 精装 | 18层  | 暂无数据,2024-08-01 23:04:00
5号线姑娘桥站300米，3房2卫中楼层，满五唯一，采光好,https://hz.lianjia.com/ershoufang/103131102697.html,得力名望府 ,萧山开发区,20646元/平,185万,3室2厅 | 89.61平米 | 南 | 简装 | 25层  | 板楼,2024-08-01 23:04:00
精装修 四叶草户型 南北通 中间楼层 税少,https://hz.lianjia.com/ershoufang/103133787208.html,东旭府 ,义桥,16817元/平,198万,4室2厅 | 117.74平米 | 南 北 | 精装 | 低楼层(共18层)  | 板楼,2024-08-01 23:04:00
钱江世纪城板块 振宁路地铁口 大三房 满五年,https://hz.lianjia.com/ershoufang/103119611346.html,恒泰御庭园 ,钱江世纪城,20091元/平,315万,4室2厅 | 156.79平米 | 南 | 精装 | 12层  | 板塔结合,2024-08-01 23:04:00
法式精装，东边套，价格低，诚心卖,https://hz.lianjia.com/ershoufang/103134314926.html,星翠澜庭 ,钱江世纪城,55171元/平,700万,4室2厅 | 126.88平米 | 东 南 | 精装 | 25层  | 板楼,2024-08-01 23:04:00
湘湖美地电梯洋房，精装未住过满五唯一,https://hz.lianjia.com/ershoufang/103126211174.html,华瑞湘湖美地 ,湘湖,22559元/平,325万,3室2厅 | 144.07平米 | 南 | 精装 | 12层  | 板楼,2024-08-01 23:04:00
六楼精装修房子双北干业主诚心出售,https://hz.lianjia.com/ershoufang/103132819874.html,山阴小区 ,萧山市区,26936元/平,119万,2室1厅 | 44.18平米 | 南 | 精装 | 高楼层(共6层)  | 板塔结合,2024-08-01 23:04:00
地铁口上盖，精装修，拎包入住，带地暖，满二,https://hz.lianjia.com/ershoufang/103120380958.html,绿城九龙仓桂语朝阳 ,南部卧城,27329元/平,265万,3室2厅 | 96.97平米 | 南 北 | 精装 | 低楼层(共32层)  | 板楼,2024-08-01 23:04:00
开发商精装交付，楼幢好，楼层好，诚心出售,https://hz.lianjia.com/ershoufang/103131271089.html,青漫里 ,南部卧城,25310元/平,235万,3室2厅 | 92.85平米 | 南 | 精装 | 高楼层(共27层)  | 暂无数据,2024-08-01 23:04:00
高桥初衷！高品质小区满五唯一户型楼层好采光好,https://hz.lianjia.com/ershoufang/103129955255.html,得力名门世家 ,南部卧城,41080元/平,370万,4室2厅 | 90.07平米 | 南 | 精装 | 中楼层(共32层)  | 板塔结合,2024-08-01 23:04:00
繁华地带，配套齐，各大综合体齐聚左右500米内,https://hz.lianjia.com/ershoufang/103133669156.html,天润商业中心 ,萧山市区,16602元/平,93万,2室1厅 | 56.02平米 | 北 | 简装 | 低楼层(共22层)  | 板塔结合,2024-08-01 23:04:00
房东诚心出售，精装修，楼层采光好，满二,https://hz.lianjia.com/ershoufang/103131572863.html,碧桂园天麓府 ,南部卧城,24167元/平,211万,3室2厅 | 87.31平米 | 南 | 精装 | 26层  | 板楼,2024-08-01 23:04:00
亚运村  万科日耀之城   滨水区大开间朝南4房,https://hz.lianjia.com/ershoufang/103134031157.html,日耀之城 ,钱江世纪城,58260元/平,838万,4室2厅 | 143.84平米 | 南 北 | 精装 | 24层  | 塔楼,2024-08-01 23:04:00
滨江物业，业主诚心出售，楼幢位置安静，采光不遮挡,https://hz.lianjia.com/ershoufang/103131647198.html,兴耀星漫里 ,萧山新城区,39014元/平,375万,3室1厅 | 96.12平米 | 南 | 精装 | 26层  | 板楼,2024-08-01 23:04:00
绿城品质，边套户型，好楼层，精装修，房东诚心出售,https://hz.lianjia.com/ershoufang/103133176515.html,桂语听澜轩 ,萧山新城区,50543元/平,657万,4室2厅 | 129.99平米 | 南 西 北 | 精装 | 高楼层(共26层)  | 板塔结合,2024-08-01 23:04:00
滨江品质 精装修 自住看房方便 低总价,https://hz.lianjia.com/ershoufang/103131289786.html,滨江旭辉滨旭府 ,萧山开发区,20206元/平,195万,3室2厅 | 96.51平米 | 南 北 | 精装 | 低楼层(共27层)  | 板楼,2024-08-01 23:04:00
奥体洋房，前排无遮挡，随时看房，诚心出售！,https://hz.lianjia.com/ershoufang/103134575192.html,顺发美哉美城 ,钱江世纪城,52874元/平,438万,3室2厅 | 82.84平米 | 南 | 简装 | 14层  | 板楼,2024-08-01 23:04:00
朝阳地铁口300米，滨江开发商，品质小区，精装交付,https://hz.lianjia.com/ershoufang/103132358271.html,朝闻花城 ,南部卧城,29094元/平,280万,3室2厅 | 96.24平米 | 南 | 精装 | 27层  | 塔楼,2024-08-01 23:04:00
滨江园林景观，漂亮绿植，自带泳池，环境很不错,https://hz.lianjia.com/ershoufang/103134534689.html,朝闻花城 ,南部卧城,25774元/平,280万,4室2厅 | 108.64平米 | 东南 | 精装 | 18层  | 暂无数据,2024-08-01 23:04:00
朝闻花城 南卧品质楼盘 滨江精装修 大三房诚心出售！,https://hz.lianjia.com/ershoufang/103129868404.html,朝闻花城 ,南部卧城,27662元/平,265万,3室2厅 | 95.8平米 | 南 | 精装 | 27层  | 暂无数据,2024-08-01 23:04:00
店长推荐 一号线南阳地铁  小三房 自住装修，满二,https://hz.lianjia.com/ershoufang/103131743346.html,大诚纪名府 ,大江东,20328元/平,180万,3室2厅 | 88.55平米 | 南 | 精装 | 14层  | 板塔结合,2024-08-01 23:04:00
浙二旁十五号线地铁口精装两房诚心出售,https://hz.lianjia.com/ershoufang/103130511336.html,南润名座 ,南部卧城,10884元/平,109万,2室2厅 | 100.15平米 | 南 | 精装 | 低楼层(共22层)  | 板楼,2024-08-01 23:04:00
C位楼中间套客厅带阳台自住精心装修40万 拓展面积22方,https://hz.lianjia.com/ershoufang/103131850795.html,华瑞晴庐 ,萧山新城区,32831元/平,285万,3室2厅 | 86.81平米 | 南 | 精装 | 中楼层(共33层)  | 板塔结合,2024-08-01 23:04:00
房东诚心卖，楼层好，满五唯一税费少，看房方便,https://hz.lianjia.com/ershoufang/103126595107.html,德信君宸 ,萧山新城区,38604元/平,345万,3室2厅 | 89.37平米 | 南 | 简装 | 21层  | 板楼,2024-08-01 23:04:00
浙二医院边 15号线地铁口 满二唯一 车位可以停两辆车,https://hz.lianjia.com/ershoufang/103122957199.html,德信碧桂园印江南 ,南部卧城,24784元/平,240万,3室2厅 | 96.84平米 | 南 | 毛坯 | 高楼层(共20层)  | 塔楼,2024-08-01 23:04:00
纯边套，房东诚售！买房提供免费设计服务！价格能谈！,https://hz.lianjia.com/ershoufang/103132404961.html,顺发美颂城 ,钱江世纪城,31047元/平,300万,3室1厅 | 96.63平米 | 东 南 北 | 精装 | 中楼层(共18层)  | 板楼,2024-08-01 23:04:00
满二唯一 楼层好  保养好 房东诚心出售看房有密码,https://hz.lianjia.com/ershoufang/103132100274.html,通惠江南名府 ,萧山新城区,30761元/平,275万,3室1厅 | 89.4平米 | 南 | 精装 | 中楼层(共27层)  | 板楼,2024-08-01 23:04:00
视野好的 新交付小区 环境好 楼层好,https://hz.lianjia.com/ershoufang/103132712512.html,德信金科泊岸江宸轩 ,南部卧城,16934元/平,182万,3室2厅 | 107.48平米 | 南 | 精装 | 高楼层(共23层)  | 板楼,2024-08-01 23:04:00
南北通透格局，精装交付，楼层好，采光好。,https://hz.lianjia.com/ershoufang/103118549152.html,东旭府 ,义桥,16585元/平,199万,4室2厅 | 119.99平米 | 南 北 | 精装 | 中楼层(共18层)  | 板楼,2024-08-01 23:04:00
博印名邸 7号线地铁口 精装修三房，低总价，诚心卖,https://hz.lianjia.com/ershoufang/103131409409.html,博印名邸 ,萧山开发区,26420元/平,215万,3室2厅 | 81.38平米 | 南 | 精装 | 26层  | 板楼,2024-08-01 23:04:00
精装修的，4.5米层高 诚心出售 价格可以谈,https://hz.lianjia.com/ershoufang/103124025921.html,百富联合国际奥体之星 ,钱江世纪城,14376元/平,66万,2室1厅 | 45.91平米 | 南 西 | 精装 | 低楼层(共18层)  | 塔楼,2024-08-01 23:04:00
党山镇上低价格优质好房，房东诚心出售,https://hz.lianjia.com/ershoufang/103125651477.html,新街路 ,大江东,7312元/平,48万,2室1厅 | 65.65平米 | 东 西 | 简装 | 中楼层(共5层)  | 板楼,2024-08-01 23:04:00
日耀之城 250方高楼层 270度采光 可看城市景观,https://hz.lianjia.com/ershoufang/103134032370.html,日耀之城 ,钱江世纪城,71992元/平,1800万,4室2厅 | 250.03平米 | 南 | 精装 | 37层  | 板塔结合,2024-08-01 23:04:00
刚交付的萧山次新房，包大税，精装修采光好楼层好,https://hz.lianjia.com/ershoufang/103131917697.html,德信金科泊岸江宸轩 ,南部卧城,17041元/平,183万,3室2厅 | 107.39平米 | 南 | 精装 | 中楼层(共26层)  | 板楼,2024-08-01 23:04:00
双地铁滨江盘 双泳池加会所 中轴景观 满二自己住,https://hz.lianjia.com/ershoufang/103133158347.html,宁东拥潮府 ,萧山新城区,44951元/平,580万,4室2厅 | 129.03平米 | 南 | 精装 | 27层  | 板楼,2024-08-01 23:04:00
满五年，边套，南北通透，户型全明，拓展20方，诚心卖,https://hz.lianjia.com/ershoufang/103132384607.html,恒大帝景 ,南部卧城,24551元/平,220万,3室2厅 | 89.61平米 | 南 北 | 精装 | 30层  | 板楼,2024-08-01 23:04:00
小高层电梯房 双金山 近地铁 配套齐全 不沿马路 诚售,https://hz.lianjia.com/ershoufang/103133883158.html,金浦明苑西区 ,萧山新城区,23708元/平,360万,3室2厅 | 151.85平米 | 南 | 精装 | 中楼层(共12层)  | 板楼,2024-08-01 23:04:00
蜀山，广宁小区，76方，户型方正，中间楼层，满五唯一,https://hz.lianjia.com/ershoufang/103133381354.html,广宁小区 ,南部卧城,18975元/平,145万,2室2厅 | 76.42平米 | 南 | 精装 | 6层  | 平房,2024-08-01 23:04:00
楼层，视野好没住过 价格可以谈 诚心出售 随时看房,https://hz.lianjia.com/ershoufang/103125377523.html,嘉宸天誉名轩 ,萧山新城区,46855元/平,420万,3室2厅 | 89.64平米 | 南 | 精装 | 34层  | 板楼,2024-08-01 23:04:00
5号地铁 3房精装 不靠高架不靠山 好楼层 看房方便,https://hz.lianjia.com/ershoufang/103133010001.html,得力名望府 ,萧山开发区,23212元/平,208万,3室2厅 | 89.61平米 | 南 | 精装 | 25层  | 板楼,2024-08-01 23:04:00
业主自住精装 现代装修风格 楼层采光好 诚心出售,https://hz.lianjia.com/ershoufang/103134137848.html,华瑞晴庐 ,萧山新城区,30590元/平,275万,3室2厅 | 89.9平米 | 南 | 精装 | 中楼层(共34层)  | 板楼,2024-08-01 23:04:00
银河北干  东边套大三房户型  拎包入住,https://hz.lianjia.com/ershoufang/103131933743.html,萧悦中御府 ,萧山新城区,30882元/平,340万,3室2厅 | 110.1平米 | 南 | 精装 | 33层  | 板楼,2024-08-01 23:04:00
满五唯一，多层洋房，视野好，房东急售,https://hz.lianjia.com/ershoufang/103128432894.html,华瑞湘湖美地 ,湘湖,23799元/平,300万,3室2厅 | 126.06平米 | 南 | 简装 | 7层  | 板楼,2024-08-01 23:04:00
滨江品质   精装修三房    东边套   诚心出售,https://hz.lianjia.com/ershoufang/103125162133.html,悦潮府 ,萧山新城区,35861元/平,350万,3室2厅 | 97.6平米 | 南 | 精装 | 中楼层(共18层)  | 板楼,2024-08-01 23:04:00
70年产权 小户型 朝南 满五年 高楼层 江景房,https://hz.lianjia.com/ershoufang/103131806623.html,三江花园(萧山) ,闻堰,22370元/平,135万,2室1厅 | 60.35平米 | 南 | 精装 | 中楼层(共23层)  | 板塔结合,2024-08-01 23:04:00
五房开发商精装修，一梯两户，未入住，有车位两个。,https://hz.lianjia.com/ershoufang/103120918491.html,滨江江南之星 ,萧山新城区,58270元/平,810万,5室2厅 | 139.01平米 | 南 | 精装 | 11层  | 板楼,2024-08-01 23:04:00
五开间朝南，自住精装，房东诚心出售，大五房户型,https://hz.lianjia.com/ershoufang/103132334397.html,中旅名门府新境 ,萧山新城区,40598元/平,720万,5室2厅 | 177.35平米 | 南 西 北 | 精装 | 中楼层(共26层)  | 板塔结合,2024-08-01 23:04:00
好楼层户型好价格可以谈的看房子有密码,https://hz.lianjia.com/ershoufang/103134621188.html,碧桂园天麓府 ,南部卧城,21662元/平,189万,2室1厅 | 87.25平米 | 南 | 毛坯 | 26层  | 板楼,2024-08-01 23:04:00
德信君宸，中间楼层正对小区景观花园，户型方正随时看,https://hz.lianjia.com/ershoufang/103132061002.html,德信君宸 ,萧山新城区,35798元/平,292万,3室1厅 | 81.57平米 | 南 | 精装 | 23层  | 板楼,2024-08-01 23:04:00
地铁口，诚心出售，视野宽阔，交通便利,https://hz.lianjia.com/ershoufang/103132276513.html,萧悦中御府 ,萧山新城区,30420元/平,270万,3室2厅 | 88.76平米 | 南 | 精装 | 33层  | 板楼,2024-08-01 23:04:00
诚心卖一线江景 视野好 大小莲花尽收眼底,https://hz.lianjia.com/ershoufang/103128454229.html,保亿绿城奥邸国际 ,奥体,105493元/平,1965万,4室2厅 | 186.27平米 | 南 | 精装 | 中楼层(共48层)  | 板楼,2024-08-01 23:04:00
金色钱塘三期，精装修带地暖，保养好 可直接入住,https://hz.lianjia.com/ershoufang/103132425082.html,金色钱塘 ,萧山新城区,27894元/平,341万,4室2厅 | 122.25平米 | 南 | 精装 | 24层  | 板塔结合,2024-08-01 23:04:00
不靠高架，户型方正，楼层好，房东诚心。,https://hz.lianjia.com/ershoufang/103132249213.html,泰悦银座 ,义桥,13320元/平,128万,3室2厅 | 96.1平米 | 东南 南 北 | 毛坯 | 中楼层(共17层)  | 板楼,2024-08-01 23:04:00
江南学府 中高楼层 采光视线好 诚心出售,https://hz.lianjia.com/ershoufang/103133384826.html,融信江南学府 ,萧山新城区,38915元/平,340万,3室2厅 | 87.37平米 | 南 | 简装 | 33层  | 板楼,2024-08-01 23:04:00
户型方正，西边套 视野好 可看钱塘江,https://hz.lianjia.com/ershoufang/103134166568.html,日耀之城 ,钱江世纪城,57030元/平,720万,4室2厅 | 126.25平米 | 南 | 精装 | 30层  | 板楼,2024-08-01 23:04:00
边套户型的好楼层 满五唯一的.,https://hz.lianjia.com/ershoufang/103128683719.html,恒大帝景 ,南部卧城,28066元/平,252万,3室2厅 | 89.79平米 | 南 | 精装 | 30层  | 板楼,2024-08-01 23:04:00
浙二医院近，楼层好 满5唯一 带精装家具家电35万＋,https://hz.lianjia.com/ershoufang/103133635166.html,碧桂园天麓府 ,南部卧城,24787元/平,215万,3室2厅 | 86.74平米 | 南 | 精装 | 26层  | 板楼,2024-08-01 23:04:00
君品名邸 滨江品质 好楼层 景观位置 5室改善 诚心,https://hz.lianjia.com/ershoufang/103127158297.html,君品名邸 ,钱江世纪城,62642元/平,1080万,5室2厅 | 172.41平米 | 南 | 精装 | 25层  | 板楼,2024-08-01 23:04:00
业主诚心出售 采光充足 视野宽阔,https://hz.lianjia.com/ershoufang/103132216873.html,南城景园 ,南部卧城,16031元/平,139万,3室2厅 | 86.71平米 | 南 | 精装 | 6层  | 板楼,2024-08-01 23:04:00
带电梯，边套159方4房2卫 带全新精装80万,https://hz.lianjia.com/ershoufang/103132771879.html,美之园西区 ,湘湖,23668元/平,378万,4室2厅 | 159.71平米 | 南 | 精装 | 中楼层(共11层)  | 板塔结合,2024-08-01 23:04:00
满五唯一，近地铁，业主诚售，电梯房小户型,https://hz.lianjia.com/ershoufang/103133943558.html,中誉现代城 ,萧山新城区,21460元/平,100万,1室1厅 | 46.6平米 | 南 | 简装 | 低楼层(共17层)  | 板楼,2024-08-01 23:04:00
边套户型，业主诚售，看房很方便.,https://hz.lianjia.com/ershoufang/103128905212.html,滨江御虹府 ,钱江世纪城,55285元/平,658万,4室2厅 | 119.02平米 | 南 | 精装 | 26层  | 板楼,2024-08-01 23:04:00
满二唯一 楼层好  保养好 房东诚心出售看房有密码,https://hz.lianjia.com/ershoufang/103132100274.html,通惠江南名府 ,萧山新城区,30761元/平,275万,3室1厅 | 89.4平米 | 南 | 精装 | 中楼层(共27层)  | 板楼,2024-08-01 23:04:00
五号线地铁 全新精装修 西边套户型 看房方便 楼层好,https://hz.lianjia.com/ershoufang/103132514677.html,花栖云境里 ,萧山开发区,21915元/平,255万,4室2厅 | 116.36平米 | 南 北 | 精装 | 高楼层(共16层)  | 暂无数据,2024-08-01 23:04:00
视野好的 新交付小区 环境好 楼层好,https://hz.lianjia.com/ershoufang/103132712512.html,德信金科泊岸江宸轩 ,南部卧城,16934元/平,182万,3室2厅 | 107.48平米 | 南 | 精装 | 高楼层(共23层)  | 板楼,2024-08-01 23:04:00
纯边套，房东诚售！买房提供免费设计服务！价格能谈！,https://hz.lianjia.com/ershoufang/103132404961.html,顺发美颂城 ,钱江世纪城,31047元/平,300万,3室1厅 | 96.63平米 | 东 南 北 | 精装 | 中楼层(共18层)  | 板楼,2024-08-01 23:04:00
店长推荐 一号线南阳地铁  小三房 自住装修，满二,https://hz.lianjia.com/ershoufang/103131743346.html,大诚纪名府 ,大江东,20328元/平,180万,3室2厅 | 88.55平米 | 南 | 精装 | 14层  | 板塔结合,2024-08-01 23:04:00
南北通透格局，精装交付，楼层好，采光好。,https://hz.lianjia.com/ershoufang/103118549152.html,东旭府 ,义桥,16585元/平,199万,4室2厅 | 119.99平米 | 南 北 | 精装 | 中楼层(共18层)  | 板楼,2024-08-01 23:04:00
C位楼中间套客厅带阳台自住精心装修40万 拓展面积22方,https://hz.lianjia.com/ershoufang/103131850795.html,华瑞晴庐 ,萧山新城区,32831元/平,285万,3室2厅 | 86.81平米 | 南 | 精装 | 中楼层(共33层)  | 板塔结合,2024-08-01 23:04:00
房东诚心卖，楼层好，满五唯一税费少，看房方便,https://hz.lianjia.com/ershoufang/103126595107.html,德信君宸 ,萧山新城区,38604元/平,345万,3室2厅 | 89.37平米 | 南 | 简装 | 21层  | 板楼,2024-08-01 23:04:00
精装修的，4.5米层高 诚心出售 价格可以谈,https://hz.lianjia.com/ershoufang/103124025921.html,百富联合国际奥体之星 ,钱江世纪城,14376元/平,66万,2室1厅 | 45.91平米 | 南 西 | 精装 | 低楼层(共18层)  | 塔楼,2024-08-01 23:04:00
高桥初衷！高品质小区满五唯一户型楼层好采光好,https://hz.lianjia.com/ershoufang/103129955255.html,得力名门世家 ,南部卧城,41080元/平,370万,4室2厅 | 90.07平米 | 南 | 精装 | 中楼层(共32层)  | 板塔结合,2024-08-01 23:04:00
繁华地带，配套齐，各大综合体齐聚左右500米内,https://hz.lianjia.com/ershoufang/103133669156.html,天润商业中心 ,萧山市区,16602元/平,93万,2室1厅 | 56.02平米 | 北 | 简装 | 低楼层(共22层)  | 板塔结合,2024-08-01 23:04:00
绿城品质，边套户型，好楼层，精装修，房东诚心出售,https://hz.lianjia.com/ershoufang/103133176515.html,桂语听澜轩 ,萧山新城区,50543元/平,657万,4室2厅 | 129.99平米 | 南 西 北 | 精装 | 高楼层(共26层)  | 板塔结合,2024-08-01 23:04:00
滨江物业，业主诚心出售，楼幢位置安静，采光不遮挡,https://hz.lianjia.com/ershoufang/103131647198.html,兴耀星漫里 ,萧山新城区,39014元/平,375万,3室1厅 | 96.12平米 | 南 | 精装 | 26层  | 板楼,2024-08-01 23:04:00
亚运村  万科日耀之城   滨水区大开间朝南4房,https://hz.lianjia.com/ershoufang/103134031157.html,日耀之城 ,钱江世纪城,58260元/平,838万,4室2厅 | 143.84平米 | 南 北 | 精装 | 24层  | 塔楼,2024-08-01 23:04:00
地铁口上盖，精装修，拎包入住，带地暖，满二,https://hz.lianjia.com/ershoufang/103120380958.html,绿城九龙仓桂语朝阳 ,南部卧城,27329元/平,265万,3室2厅 | 96.97平米 | 南 北 | 精装 | 低楼层(共32层)  | 板楼,2024-08-01 23:04:00
房东诚心出售，精装修，楼层采光好，满二,https://hz.lianjia.com/ershoufang/103131572863.html,碧桂园天麓府 ,南部卧城,24167元/平,211万,3室2厅 | 87.31平米 | 南 | 精装 | 26层  | 板楼,2024-08-01 23:04:00
南江商业中心 曹家桥地铁口朝南带阳台靠河采光足拎包,https://hz.lianjia.com/ershoufang/103134117848.html,南江商业中心 ,南部卧城,10846元/平,64万,1室0厅 | 59.01平米 | 南 | 精装 | 高楼层(共25层)  | 板楼,2024-08-01 23:04:00
浙二医院边 15号线地铁口 满二唯一 车位可以停两辆车,https://hz.lianjia.com/ershoufang/103122957199.html,德信碧桂园印江南 ,南部卧城,24784元/平,240万,3室2厅 | 96.84平米 | 南 | 毛坯 | 高楼层(共20层)  | 塔楼,2024-08-01 23:04:00
开发商精装交付，楼幢好，楼层好，诚心出售,https://hz.lianjia.com/ershoufang/103131271089.html,青漫里 ,南部卧城,25310元/平,235万,3室2厅 | 92.85平米 | 南 | 精装 | 高楼层(共27层)  | 暂无数据,2024-08-01 23:04:00
浙二旁十五号线地铁口精装两房诚心出售,https://hz.lianjia.com/ershoufang/103130511336.html,南润名座 ,南部卧城,10884元/平,109万,2室2厅 | 100.15平米 | 南 | 精装 | 低楼层(共22层)  | 板楼,2024-08-01 23:04:00
高层边套 视野开阔无遮挡 精装带地暖 看房方便 带车位,https://hz.lianjia.com/ershoufang/103134273753.html,顺发江南丽锦 ,钱江世纪城,43707元/平,608万,5室2厅 | 139.11平米 | 南 | 精装 | 30层  | 板塔结合,2024-08-01 23:04:00
浙二医院旁，精装交付，次新小区，房东诚心,https://hz.lianjia.com/ershoufang/103123861234.html,佳印府 ,南部卧城,26677元/平,325万,4室2厅 | 121.83平米 | 南 北 | 精装 | 低楼层(共32层)  | 板楼,2024-08-01 23:04:00
莱茵传奇，89方业主自住装修，楼层好，保养好，诚心出,https://hz.lianjia.com/ershoufang/103131227641.html,高运莱茵传奇 ,萧山新城区,41398元/平,365万,3室2厅 | 88.17平米 | 南 | 精装 | 18层  | 板塔结合,2024-08-01 23:04:00
地铁口，诚心出售，视野宽阔，交通便利,https://hz.lianjia.com/ershoufang/103132259490.html,萧悦中御府 ,萧山新城区,32159元/平,355万,3室2厅 | 110.39平米 | 南 | 精装 | 33层  | 板楼,2024-08-01 23:04:00
7号线地铁口 自住精装 随时看房诚心置换 全天采好,https://hz.lianjia.com/ershoufang/103133296087.html,博印名邸 ,萧山开发区,28559元/平,252万,3室2厅 | 88.24平米 | 南 | 精装 | 26层  | 板楼,2024-08-01 23:04:00
房东小孩出售留学诚售此房  价格能谈,https://hz.lianjia.com/ershoufang/103132285837.html,滨江新城东方名府 ,萧山新城区,29944元/平,379万,4室1厅 | 126.57平米 | 东南 南 | 毛坯 | 中楼层(共20层)  | 板塔结合,2024-08-01 23:04:00
郡望府  东边套   户型采光好,https://hz.lianjia.com/ershoufang/103134000431.html,郡望府 ,萧山开发区,27547元/平,245万,4室2厅 | 88.94平米 | 南 | 简装 | 低楼层(共27层)  | 板塔结合,2024-08-01 23:04:00
精装修，满二唯一，无遮挡采光不错,https://hz.lianjia.com/ershoufang/103125441671.html,创世邸 ,钱江世纪城,67940元/平,605万,3室2厅 | 89.05平米 | 南 | 精装 | 32层  | 板塔结合,2024-08-01 23:04:00
次新房低总价西边套采光好两房朝南,https://hz.lianjia.com/ershoufang/103133409095.html,新城璟隽公馆 ,萧山新城区,29040元/平,255万,3室2厅 | 87.81平米 | 南 | 精装 | 中楼层(共18层)  | 塔楼,2024-08-01 23:04:00
国泰花园 金浦明苑旁 电梯房 中楼层 房东诚心出售,https://hz.lianjia.com/ershoufang/103129681192.html,众安国泰花园 ,萧山新城区,25007元/平,365万,3室2厅 | 145.96平米 | 南 | 精装 | 中楼层(共11层)  | 板楼,2024-08-01 23:04:00
不靠高架，户型方正，楼层好，房东诚心。,https://hz.lianjia.com/ershoufang/103132249213.html,泰悦银座 ,义桥,13320元/平,128万,3室2厅 | 96.1平米 | 东南 南 北 | 毛坯 | 中楼层(共17层)  | 板楼,2024-08-01 23:04:00
江南学府 中高楼层 采光视线好 诚心出售,https://hz.lianjia.com/ershoufang/103133384826.html,融信江南学府 ,萧山新城区,38915元/平,340万,3室2厅 | 87.37平米 | 南 | 简装 | 33层  | 板楼,2024-08-01 23:04:00
诚心卖一线江景 视野好 大小莲花尽收眼底,https://hz.lianjia.com/ershoufang/103128454229.html,保亿绿城奥邸国际 ,奥体,105493元/平,1965万,4室2厅 | 186.27平米 | 南 | 精装 | 中楼层(共48层)  | 板楼,2024-08-01 23:04:00
蜀山，广宁小区，76方，户型方正，中间楼层，满五唯一,https://hz.lianjia.com/ershoufang/103133381354.html,广宁小区 ,南部卧城,18975元/平,145万,2室2厅 | 76.42平米 | 南 | 精装 | 6层  | 平房,2024-08-01 23:04:00
5号地铁 3房精装 不靠高架不靠山 好楼层 看房方便,https://hz.lianjia.com/ershoufang/103133010001.html,得力名望府 ,萧山开发区,23212元/平,208万,3室2厅 | 89.61平米 | 南 | 精装 | 25层  | 板楼,2024-08-01 23:04:00
五开间朝南，自住精装，房东诚心出售，大五房户型,https://hz.lianjia.com/ershoufang/103132334397.html,中旅名门府新境 ,萧山新城区,40598元/平,720万,5室2厅 | 177.35平米 | 南 西 北 | 精装 | 中楼层(共26层)  | 板塔结合,2024-08-01 23:04:00
户型方正，西边套 视野好 可看钱塘江,https://hz.lianjia.com/ershoufang/103134166568.html,日耀之城 ,钱江世纪城,57030元/平,720万,4室2厅 | 126.25平米 | 南 | 精装 | 30层  | 板楼,2024-08-01 23:04:00
市北品质小区 滨江双子 此房视野好位置安静  看房方便,https://hz.lianjia.com/ershoufang/103133963790.html,滨江望涛月明 ,萧山新城区,38367元/平,495万,4室2厅 | 129.02平米 | 南 北 | 精装 | 低楼层(共27层)  | 板楼,2024-08-01 23:04:00
房东诚心出售   看房方便   价格还可以谈的,https://hz.lianjia.com/ershoufang/103133190758.html,悦风荷锦庭 ,义桥,17596元/平,168万,3室2厅 | 95.48平米 | 南 | 精装 | 低楼层(共26层)  | 板楼,2024-08-01 23:04:00
萧山市区少有的排屋，次新刚交付的小区带露台环境好,https://hz.lianjia.com/ershoufang/103130207581.html,中天云望 ,萧山市区,56444元/平,950万,4室1厅 | 168.31平米 | 南 北 | 精装 | 高楼层(共6层)  | 板楼,2024-08-01 23:04:00
圣都精装30万3房2卫 中高楼层 满五唯一 看房方便诚售,https://hz.lianjia.com/ershoufang/103133570792.html,德信泊林春天 ,钱江世纪城,25849元/平,230万,3室2厅 | 88.98平米 | 南 | 精装 | 高楼层(共33层)  | 板塔结合,2024-08-01 23:04:00
满二唯一，滨江物业带泳池，洋房后视野好，银河学府,https://hz.lianjia.com/ershoufang/103129340066.html,融信江南学府 ,萧山新城区,37565元/平,480万,4室2厅 | 127.78平米 | 南 | 毛坯 | 中楼层(共33层)  | 板塔结合,2024-08-01 23:04:00
满五唯一，多层洋房，视野好，房东急售,https://hz.lianjia.com/ershoufang/103128432894.html,华瑞湘湖美地 ,湘湖,23799元/平,300万,3室2厅 | 126.06平米 | 南 | 简装 | 7层  | 板楼,2024-08-01 23:04:00
双金山 地铁口 跃层毛坯顶楼带花园  看房方便,https://hz.lianjia.com/ershoufang/103134488363.html,金地德圣中心 ,萧山市区,47298元/平,420万,3室2厅 | 88.8平米 | 南 | 毛坯 | 27层  | 板楼,2024-08-01 23:04:00
买一层多一层，60万精装拎包入住，小区中间阳光不挡，,https://hz.lianjia.com/ershoufang/103123471081.html,顺发美哉美城 ,钱江世纪城,62758元/平,610万,4室1厅 | 97.2平米 | 南 | 精装 | 11层  | 板楼,2024-08-01 23:04:00
中间楼层，近地铁，业主诚售，包增值税,https://hz.lianjia.com/ershoufang/103128122764.html,中誉现代城 ,萧山新城区,18812元/平,125万,1室1厅 | 66.45平米 | 北 | 简装 | 低楼层(共17层)  | 板楼,2024-08-01 23:04:00
边上近银泰，生活配套成熟，交通方便,https://hz.lianjia.com/ershoufang/103130403210.html,高运高庄 ,萧山开发区,26869元/平,238万,3室2厅 | 88.58平米 | 南 | 精装 | 高楼层(共34层)  | 板楼,2024-08-01 23:04:00
精装修交付，地铁口，不靠高架，随时看房,https://hz.lianjia.com/ershoufang/103133943216.html,阳光城滨奥悦府 ,钱江世纪城,63808元/平,680万,3室2厅 | 106.57平米 | 南 | 精装 | 17层  | 板楼,2024-08-01 23:04:00
房东诚心出售   价格可以谈的  小区环境好  视野开阔,https://hz.lianjia.com/ershoufang/103133029406.html,悦风荷锦庭 ,义桥,16946元/平,162万,3室2厅 | 95.6平米 | 南 | 精装 | 低楼层(共26层)  | 板楼,2024-08-01 23:04:00
朝南高楼层小户型，诚心出售好房，户型方正。,https://hz.lianjia.com/ershoufang/103128639188.html,北干一苑 ,萧山市区,39092元/平,105万,1室1厅 | 26.86平米 | 南 北 | 简装 | 高楼层(共6层)  | 板塔结合,2024-08-01 23:04:00
次新电梯房，配套成熟，中楼层，精装带地暖，业主诚售,https://hz.lianjia.com/ershoufang/103133159995.html,恒大帝景 ,南部卧城,22465元/平,202万,3室1厅 | 89.92平米 | 南 北 | 精装 | 30层  | 板楼,2024-08-01 23:04:00
保利潮起云上府 全新大三房 南北通透 业主诚心急卖,https://hz.lianjia.com/ershoufang/103134186459.html,保利潮起云上府 ,萧山新城区,35160元/平,360万,3室2厅 | 102.39平米 | 南 北 | 精装 | 低楼层(共26层)  | 板楼,2024-08-01 23:04:00
万科开发 有中Y空调、地暖和新风系统 户型好 采光足,https://hz.lianjia.com/ershoufang/103126158932.html,樟宜翠湾 ,南部卧城,25607元/平,248万,3室2厅 | 96.85平米 | 南 | 精装 | 中楼层(共26层)  | 板塔结合,2024-08-01 23:04:00
7号线地铁口，中铁雅逸府精装户型，三开间朝南三居室,https://hz.lianjia.com/ershoufang/103120772194.html,中铁诺德雅逸府 ,萧山开发区,26274元/平,228万,3室2厅 | 86.78平米 | 南 | 精装 | 高楼层(共26层)  | 板楼,2024-08-01 23:04:00
7号线地铁口，楼层好，通透户型，正对花园业主诚心卖,https://hz.lianjia.com/ershoufang/103132381332.html,博印名邸 ,萧山开发区,28303元/平,250万,3室2厅 | 88.33平米 | 南 北 | 精装 | 27层  | 板楼,2024-08-01 23:04:00
满二 全新未住人 采光好无遮挡 精装zhong央空调带地暖,https://hz.lianjia.com/ershoufang/103134753746.html,久赋名邸 ,南部卧城,32379元/平,320万,3室2厅 | 98.83平米 | 南 北 | 精装 | 中楼层(共34层)  | 塔楼,2024-08-01 23:04:00
日耀之城！边套大三房！业主急售！要做小区首套成交,https://hz.lianjia.com/ershoufang/103134015486.html,日耀之城 ,钱江世纪城,51420元/平,652万,4室2厅 | 126.8平米 | 南 | 精装 | 30层  | 板楼,2024-08-01 23:04:00
好楼层，精装修，房东诚心出售。,https://hz.lianjia.com/ershoufang/103133518206.html,恒大帝景 ,南部卧城,24555元/平,208万,3室2厅 | 84.71平米 | 南 | 精装 | 30层  | 板楼,2024-08-01 23:04:00
风荷锦庭 精装修大三房 三开间朝南 位置安静 诚心可谈,https://hz.lianjia.com/ershoufang/103120050375.html,悦风荷锦庭 ,义桥,17141元/平,164万,3室2厅 | 95.68平米 | 南 | 精装 | 中楼层(共26层)  | 板楼,2024-08-01 23:04:00
亚奥板块中间楼幢的中间位置，罕见方正户型南北通,https://hz.lianjia.com/ershoufang/103132113280.html,顺发美颂城 ,钱江世纪城,31225元/平,305万,3室2厅 | 97.68平米 | 南 | 精装 | 高楼层(共26层)  | 板楼,2024-08-01 23:04:00
精装两房，地铁口交通便利 配套齐全楼层好 视野宽阔,https://hz.lianjia.com/ershoufang/103128584531.html,名城大厦 ,萧山市区,14319元/平,69万,2室1厅 | 48.19平米 | 西 北 | 精装 | 16层  | 板楼,2024-08-01 23:04:00
2号线曹家桥1公里，楼层好视野好，自带幼儿园.满五年,https://hz.lianjia.com/ershoufang/103131752773.html,广泽小区 ,南部卧城,18158元/平,138万,2室2厅 | 76平米 | 南 | 精装 | 高楼层(共17层)  | 板塔结合,2024-08-01 23:04:00
近世纪城联排边套 精装八百万 边套大花园 拎包入住,https://hz.lianjia.com/ershoufang/103128025781.html,科尔世纪外滩 ,萧山科技城,55685元/平,2080万,5室3厅 | 373.53平米 | 南 北 | 精装 | 3层  | 板楼,2024-08-01 23:04:00
湘湖人家洋房户型，自住精装修，三开间朝南,https://hz.lianjia.com/ershoufang/103133994372.html,湘湖人家 ,闻堰,19392元/平,165万,2室1厅 | 85.09平米 | 南 北 | 精装 | 中楼层(共5层)  | 板楼,2024-08-01 23:04:00
精装四十多万，新风系统，从未出租入住过边套隐私性好,https://hz.lianjia.com/ershoufang/103129673050.html,滨江江南之星 ,萧山新城区,39817元/平,355万,3室2厅 | 89.16平米 | 南 | 精装 | 34层  | 板楼,2024-08-01 23:04:00
远离高架！楼幢位置好，楼层好！房东诚心卖，价可谈,https://hz.lianjia.com/ershoufang/103131918075.html,顺发美颂城 ,钱江世纪城,30713元/平,300万,3室1厅 | 97.68平米 | 南 | 精装 | 中楼层(共26层)  | 板楼,2024-08-01 23:04:00
五号线地铁口，自住精装修，满五唯一 急售,https://hz.lianjia.com/ershoufang/103130109380.html,得力名望府 ,萧山开发区,26462元/平,158万,2室1厅 | 59.71平米 | 南 | 精装 | 25层  | 板楼,2024-08-01 23:04:00
高层中间套，满五唯一，楼下幼儿园，看房方便,https://hz.lianjia.com/ershoufang/103134751586.html,御景蓝湾 ,义桥,24334元/平,218万,3室2厅 | 89.59平米 | 南 | 精装 | 27层  | 板塔结合,2024-08-01 23:04:00
国际大会展中  心旁 99方 纯边套，地铁口 满两年,https://hz.lianjia.com/ershoufang/103133361744.html,大诚纪名府 ,大江东,18590元/平,185万,3室1厅 | 99.52平米 | 南 | 精装 | 14层  | 板楼,2024-08-01 23:04:00
南阳地铁口 95方三房两卫 东边套 诚心,https://hz.lianjia.com/ershoufang/103131846871.html,阅杭里 ,大江东,18529元/平,176万,3室2厅 | 94.99平米 | 南 北 | 精装 | 10层  | 板楼,2024-08-01 23:04:00
精装交付，次新小区，房东诚心，地铁15号线,https://hz.lianjia.com/ershoufang/103133519081.html,佳印府 ,南部卧城,27265元/平,239万,3室2厅 | 87.66平米 | 南 | 精装 | 高楼层(共32层)  | 板楼,2024-08-01 23:04:00
近奥体滨江 房东诚心卖 不靠高架 满二 采光视野好,https://hz.lianjia.com/ershoufang/103132401281.html,龙湖旭辉春江悦茗 ,萧山新城区,36978元/平,300万,3室2厅 | 81.13平米 | 南 | 精装 | 30层  | 板塔结合,2024-08-01 23:04:00
此房满五的 业主自住精装修 楼层高 采光好,https://hz.lianjia.com/ershoufang/103132098348.html,三水一生 ,义桥,13040元/平,156万,3室2厅 | 119.64平米 | 东南 南 | 精装 | 5层  | 板楼,2024-08-01 23:04:00
满2年 无增值税  首付2成 天璞御园 近地铁,https://hz.lianjia.com/ershoufang/103129334950.html,天璞御园 ,钱江世纪城,64558元/平,700万,3室2厅 | 108.43平米 | 南 | 精装 | 中楼层(共26层)  | 板楼,2024-08-01 23:04:00
金域东方园 纯边套 精装修 家电家具齐全 拎包入住,https://hz.lianjia.com/ershoufang/103133371365.html,绿都金域东方 ,义桥,19000元/平,169万,3室2厅 | 88.95平米 | 南 | 精装 | 低楼层(共11层)  | 板楼,2024-08-01 23:04:00
广泽小区 2室2厅 南,https://hz.lianjia.com/ershoufang/103134270979.html,广泽小区 ,南部卧城,17061元/平,130万,2室2厅 | 76.2平米 | 南 | 毛坯 | 低楼层(共25层)  | 板塔结合,2024-08-01 23:04:00
五房开发商精装修，一梯两户，未入住，有车位两个。,https://hz.lianjia.com/ershoufang/103120918491.html,滨江江南之星 ,萧山新城区,58270元/平,810万,5室2厅 | 139.01平米 | 南 | 精装 | 11层  | 板楼,2024-08-01 23:04:00
边套户型的好楼层 满五唯一的.,https://hz.lianjia.com/ershoufang/103128683719.html,恒大帝景 ,南部卧城,28066元/平,252万,3室2厅 | 89.79平米 | 南 | 精装 | 30层  | 板楼,2024-08-01 23:04:00
地铁口，诚心出售，视野宽阔，交通便利,https://hz.lianjia.com/ershoufang/103132276513.html,萧悦中御府 ,萧山新城区,30420元/平,270万,3室2厅 | 88.76平米 | 南 | 精装 | 33层  | 板楼,2024-08-01 23:04:00
北干华达社区，楼层好，附大平台，阳光房已包进，可议,https://hz.lianjia.com/ershoufang/103134586143.html,北干一苑 ,萧山市区,25705元/平,239万,3室2厅 | 92.98平米 | 南 | 简装 | 中楼层(共6层)  | 板塔结合,2024-08-01 23:04:00
急售好房推荐，凤凰层视野开阔，价格有优势，看房随时,https://hz.lianjia.com/ershoufang/103133498842.html,滨江望涛月明 ,萧山新城区,37266元/平,405万,3室2厅 | 108.68平米 | 南 | 精装 | 高楼层(共27层)  | 板楼,2024-08-01 23:04:00
楼层，视野好没住过 价格可以谈 诚心出售 随时看房,https://hz.lianjia.com/ershoufang/103125377523.html,嘉宸天誉名轩 ,萧山新城区,46855元/平,420万,3室2厅 | 89.64平米 | 南 | 精装 | 34层  | 板楼,2024-08-01 23:04:00
业主自住精装 现代装修风格 楼层采光好 诚心出售,https://hz.lianjia.com/ershoufang/103134137848.html,华瑞晴庐 ,萧山新城区,30590元/平,275万,3室2厅 | 89.9平米 | 南 | 精装 | 中楼层(共34层)  | 板楼,2024-08-01 23:04:00
蜀山，广宁小区，76方，户型方正，中间楼层，满五唯一,https://hz.lianjia.com/ershoufang/103133381354.html,广宁小区 ,南部卧城,18975元/平,145万,2室2厅 | 76.42平米 | 南 | 精装 | 6层  | 平房,2024-08-01 23:04:00
金色钱塘三期，精装修带地暖，保养好 可直接入住,https://hz.lianjia.com/ershoufang/103132425082.html,金色钱塘 ,萧山新城区,27894元/平,341万,4室2厅 | 122.25平米 | 南 | 精装 | 24层  | 板塔结合,2024-08-01 23:04:00
奥邸国际高区大平层  视野开阔 采光充足 诚心出售,https://hz.lianjia.com/ershoufang/103130501472.html,保亿绿城奥邸国际 ,奥体,67063元/平,271万,3室2厅 | 40.41平米 | 东 南 北 | 精装 | 中楼层(共54层)  | 板楼,2024-08-01 23:04:00
房东要出国啦 忍痛割爱 含车位 无噪音影响,https://hz.lianjia.com/ershoufang/103125466038.html,滨江新城东方名府 ,萧山新城区,31613元/平,390万,4室2厅 | 123.37平米 | 南 | 精装 | 高楼层(共20层)  | 板楼,2024-08-01 23:04:00
潘水南苑复式带阁楼，空间感十足，业主诚心出售！,https://hz.lianjia.com/ershoufang/103120622672.html,潘水南苑 ,萧山市区,19870元/平,268万,3室2厅 | 134.88平米 | 南 | 简装 | 6层  | 板塔结合,2024-08-01 23:04:00
五开间朝南，自住精装，房东诚心出售，大五房户型,https://hz.lianjia.com/ershoufang/103132334397.html,中旅名门府新境 ,萧山新城区,40598元/平,720万,5室2厅 | 177.35平米 | 南 西 北 | 精装 | 中楼层(共26层)  | 板塔结合,2024-08-01 23:04:00
市北品质小区 滨江双子 此房视野好位置安静  看房方便,https://hz.lianjia.com/ershoufang/103133963790.html,滨江望涛月明 ,萧山新城区,38367元/平,495万,4室2厅 | 129.02平米 | 南 北 | 精装 | 低楼层(共27层)  | 板楼,2024-08-01 23:04:00
